,term,value
0,abandon,-2
1,abandoned,-2
2,abandons,-2
3,abducted,-2
4,abduction,-2
5,abductions,-2
6,abhor,-3
7,abhorred,-3
8,abhorrent,-3
9,abhors,-3
10,abilities,2
11,ability,2
12,aboard,1
13,absentee,-1
14,absentees,-1
15,absolve,2
16,absolved,2
17,absolves,2
18,absolving,2
19,absorbed,1
20,abuse,-3
21,abused,-3
22,abuses,-3
23,abusive,-3
24,accept,1
25,accepted,1
26,accepting,1
27,accepts,1
28,accident,-2
29,accidental,-2
30,accidentally,-2
31,accidents,-2
32,accomplish,2
33,accomplished,2
34,accomplishes,2
35,accusation,-2
36,accusations,-2
37,accuse,-2
38,accused,-2
39,accuses,-2
40,accusing,-2
41,ache,-2
42,achievable,1
43,aching,-2
44,acquit,2
45,acquits,2
46,acquitted,2
47,acquitting,2
48,acrimonious,-3
49,active,1
50,adequate,1
51,admire,3
52,admired,3
53,admires,3
54,admiring,3
55,admit,-1
56,admits,-1
57,admitted,-1
58,admonish,-2
59,admonished,-2
60,adopt,1
61,adopts,1
62,adorable,3
63,adore,3
64,adored,3
65,adores,3
66,advanced,1
67,advantage,2
68,advantages,2
69,adventure,2
70,adventures,2
71,adventurous,2
72,affected,-1
73,affection,3
74,affectionate,3
75,afflicted,-1
76,affronted,-1
77,afraid,-2
78,aggravate,-2
79,aggravated,-2
80,aggravates,-2
81,aggravating,-2
82,aggression,-2
83,aggressions,-2
84,aggressive,-2
85,aghast,-2
86,agog,2
87,agonise,-3
88,agonised,-3
89,agonises,-3
90,agonising,-3
91,agonize,-3
92,agonized,-3
93,agonizes,-3
94,agonizing,-3
95,agree,1
96,agreeable,2
97,agreed,1
98,agreement,1
99,agrees,1
100,alarm,-2
101,alarmed,-2
102,alarmist,-2
103,alarmists,-2
104,alas,-1
105,alert,-1
106,alienation,-2
107,alive,1
108,allergic,-2
109,allow,1
110,alone,-2
111,amaze,2
112,amazed,2
113,amazes,2
114,amazing,4
115,ambitious,2
116,ambivalent,-1
117,amuse,3
118,amused,3
119,amusement,3
120,amusements,3
121,anger,-3
122,angers,-3
123,angry,-3
124,anguish,-3
125,anguished,-3
126,animosity,-2
127,annoy,-2
128,annoyance,-2
129,annoyed,-2
130,annoying,-2
131,annoys,-2
132,antagonistic,-2
133,anti,-1
134,anticipation,1
135,anxiety,-2
136,anxious,-2
137,apathetic,-3
138,apathy,-3
139,apeshit,-3
140,apocalyptic,-2
141,apologise,-1
142,apologised,-1
143,apologises,-1
144,apologising,-1
145,apologize,-1
146,apologized,-1
147,apologizes,-1
148,apologizing,-1
149,apology,-1
150,appalled,-2
151,appalling,-2
152,appease,2
153,appeased,2
154,appeases,2
155,appeasing,2
156,applaud,2
157,applauded,2
158,applauding,2
159,applauds,2
160,applause,2
161,appreciate,2
162,appreciated,2
163,appreciates,2
164,appreciating,2
165,appreciation,2
166,apprehensive,-2
167,approval,2
168,approved,2
169,approves,2
170,ardent,1
171,arrest,-2
172,arrested,-3
173,arrests,-2
174,arrogant,-2
175,ashame,-2
176,ashamed,-2
177,ass,-4
178,assassination,-3
179,assassinations,-3
180,asset,2
181,assets,2
182,assfucking,-4
183,asshole,-4
184,astonished,2
185,astound,3
186,astounded,3
187,astounding,3
188,astoundingly,3
189,astounds,3
190,attack,-1
191,attacked,-1
192,attacking,-1
193,attacks,-1
194,attract,1
195,attracted,1
196,attracting,2
197,attraction,2
198,attractions,2
199,attracts,1
200,audacious,3
201,authority,1
202,avert,-1
203,averted,-1
204,averts,-1
205,avid,2
206,avoid,-1
207,avoided,-1
208,avoids,-1
209,await,-1
210,awaited,-1
211,awaits,-1
212,award,3
213,awarded,3
214,awards,3
215,awesome,4
216,awful,-3
217,awkward,-2
218,axe,-1
219,axed,-1
220,backed,1
221,backing,2
222,backs,1
223,bad,-3
224,badass,-3
225,badly,-3
226,bailout,-2
227,bamboozle,-2
228,bamboozled,-2
229,bamboozles,-2
230,ban,-2
231,banish,-1
232,bankrupt,-3
233,bankster,-3
234,banned,-2
235,bargain,2
236,barrier,-2
237,bastard,-5
238,bastards,-5
239,battle,-1
240,battles,-1
241,beaten,-2
242,beatific,3
243,beating,-1
244,beauties,3
245,beautiful,3
246,beautifully,3
247,beautify,3
248,belittle,-2
249,belittled,-2
250,beloved,3
251,benefit,2
252,benefits,2
253,benefitted,2
254,benefitting,2
255,bereave,-2
256,bereaved,-2
257,bereaves,-2
258,bereaving,-2
259,best,3
260,betray,-3
261,betrayal,-3
262,betrayed,-3
263,betraying,-3
264,betrays,-3
265,better,2
266,bias,-1
267,biased,-2
268,big,1
269,bitch,-5
270,bitches,-5
271,bitter,-2
272,bitterly,-2
273,bizarre,-2
274,blah,-2
275,blame,-2
276,blamed,-2
277,blames,-2
278,blaming,-2
279,bless,2
280,blesses,2
281,blessing,3
282,blind,-1
283,bliss,3
284,blissful,3
285,blithe,2
286,block,-1
287,blockbuster,3
288,blocked,-1
289,blocking,-1
290,blocks,-1
291,bloody,-3
292,blurry,-2
293,boastful,-2
294,bold,2
295,boldly,2
296,bomb,-1
297,boost,1
298,boosted,1
299,boosting,1
300,boosts,1
301,bore,-2
302,bored,-2
303,boring,-3
304,bother,-2
305,bothered,-2
306,bothers,-2
307,bothersome,-2
308,boycott,-2
309,boycotted,-2
310,boycotting,-2
311,boycotts,-2
312,brainwashing,-3
313,brave,2
314,breakthrough,3
315,breathtaking,5
316,bribe,-3
317,bright,1
318,brightest,2
319,brightness,1
320,brilliant,4
321,brisk,2
322,broke,-1
323,broken,-1
324,brooding,-2
325,bullied,-2
326,bullshit,-4
327,bully,-2
328,bullying,-2
329,bummer,-2
330,buoyant,2
331,burden,-2
332,burdened,-2
333,burdening,-2
334,burdens,-2
335,calm,2
336,calmed,2
337,calming,2
338,calms,2
339,can't stand,-3
340,cancel,-1
341,cancelled,-1
342,cancelling,-1
343,cancels,-1
344,cancer,-1
345,capable,1
346,captivated,3
347,care,2
348,carefree,1
349,careful,2
350,carefully,2
351,careless,-2
352,cares,2
353,cashing in,-2
354,casualty,-2
355,catastrophe,-3
356,catastrophic,-4
357,cautious,-1
358,celebrate,3
359,celebrated,3
360,celebrates,3
361,celebrating,3
362,censor,-2
363,censored,-2
364,censors,-2
365,certain,1
366,chagrin,-2
367,chagrined,-2
368,challenge,-1
369,chance,2
370,chances,2
371,chaos,-2
372,chaotic,-2
373,charged,-3
374,charges,-2
375,charm,3
376,charming,3
377,charmless,-3
378,chastise,-3
379,chastised,-3
380,chastises,-3
381,chastising,-3
382,cheat,-3
383,cheated,-3
384,cheater,-3
385,cheaters,-3
386,cheats,-3
387,cheer,2
388,cheered,2
389,cheerful,2
390,cheering,2
391,cheerless,-2
392,cheers,2
393,cheery,3
394,cherish,2
395,cherished,2
396,cherishes,2
397,cherishing,2
398,chic,2
399,childish,-2
400,chilling,-1
401,choke,-2
402,choked,-2
403,chokes,-2
404,choking,-2
405,clarifies,2
406,clarity,2
407,clash,-2
408,classy,3
409,clean,2
410,cleaner,2
411,clear,1
412,cleared,1
413,clearly,1
414,clears,1
415,clever,2
416,clouded,-1
417,clueless,-2
418,cock,-5
419,cocksucker,-5
420,cocksuckers,-5
421,cocky,-2
422,coerced,-2
423,collapse,-2
424,collapsed,-2
425,collapses,-2
426,collapsing,-2
427,collide,-1
428,collides,-1
429,colliding,-1
430,collision,-2
431,collisions,-2
432,colluding,-3
433,combat,-1
434,combats,-1
435,comedy,1
436,comfort,2
437,comfortable,2
438,comforting,2
439,comforts,2
440,commend,2
441,commended,2
442,commit,1
443,commitment,2
444,commits,1
445,committed,1
446,committing,1
447,compassionate,2
448,compelled,1
449,competent,2
450,competitive,2
451,complacent,-2
452,complain,-2
453,complained,-2
454,complains,-2
455,comprehensive,2
456,conciliate,2
457,conciliated,2
458,conciliates,2
459,conciliating,2
460,condemn,-2
461,condemnation,-2
462,condemned,-2
463,condemns,-2
464,confidence,2
465,confident,2
466,conflict,-2
467,conflicting,-2
468,conflictive,-2
469,conflicts,-2
470,confuse,-2
471,confused,-2
472,confusing,-2
473,congrats,2
474,congratulate,2
475,congratulation,2
476,congratulations,2
477,consent,2
478,consents,2
479,consolable,2
480,conspiracy,-3
481,constrained,-2
482,contagion,-2
483,contagions,-2
484,contagious,-1
485,contempt,-2
486,contemptuous,-2
487,contemptuously,-2
488,contend,-1
489,contender,-1
490,contending,-1
491,contentious,-2
492,contestable,-2
493,controversial,-2
494,controversially,-2
495,convince,1
496,convinced,1
497,convinces,1
498,convivial,2
499,cool,1
500,cool stuff,3
501,cornered,-2
502,corpse,-1
503,costly,-2
504,courage,2
505,courageous,2
506,courteous,2
507,courtesy,2
508,cover-up,-3
509,coward,-2
510,cowardly,-2
511,coziness,2
512,cramp,-1
513,crap,-3
514,crash,-2
515,crazier,-2
516,craziest,-2
517,crazy,-2
518,creative,2
519,crestfallen,-2
520,cried,-2
521,cries,-2
522,crime,-3
523,criminal,-3
524,criminals,-3
525,crisis,-3
526,critic,-2
527,criticism,-2
528,criticize,-2
529,criticized,-2
530,criticizes,-2
531,criticizing,-2
532,critics,-2
533,cruel,-3
534,cruelty,-3
535,crush,-1
536,crushed,-2
537,crushes,-1
538,crushing,-1
539,cry,-1
540,crying,-2
541,cunt,-5
542,curious,1
543,curse,-1
544,cut,-1
545,cute,2
546,cuts,-1
547,cutting,-1
548,cynic,-2
549,cynical,-2
550,cynicism,-2
551,damage,-3
552,damages,-3
553,damn,-4
554,damned,-4
555,damnit,-4
556,danger,-2
557,daredevil,2
558,daring,2
559,darkest,-2
560,darkness,-1
561,dauntless,2
562,dead,-3
563,deadlock,-2
564,deafening,-1
565,dear,2
566,dearly,3
567,death,-2
568,debonair,2
569,debt,-2
570,deceit,-3
571,deceitful,-3
572,deceive,-3
573,deceived,-3
574,deceives,-3
575,deceiving,-3
576,deception,-3
577,decisive,1
578,dedicated,2
579,defeated,-2
580,defect,-3
581,defects,-3
582,defender,2
583,defenders,2
584,defenseless,-2
585,defer,-1
586,deferring,-1
587,defiant,-1
588,deficit,-2
589,degrade,-2
590,degraded,-2
591,degrades,-2
592,dehumanize,-2
593,dehumanized,-2
594,dehumanizes,-2
595,dehumanizing,-2
596,deject,-2
597,dejected,-2
598,dejecting,-2
599,dejects,-2
600,delay,-1
601,delayed,-1
602,delight,3
603,delighted,3
604,delighting,3
605,delights,3
606,demand,-1
607,demanded,-1
608,demanding,-1
609,demands,-1
610,demonstration,-1
611,demoralized,-2
612,denied,-2
613,denier,-2
614,deniers,-2
615,denies,-2
616,denounce,-2
617,denounces,-2
618,deny,-2
619,denying,-2
620,depressed,-2
621,depressing,-2
622,derail,-2
623,derailed,-2
624,derails,-2
625,deride,-2
626,derided,-2
627,derides,-2
628,deriding,-2
629,derision,-2
630,desirable,2
631,desire,1
632,desired,2
633,desirous,2
634,despair,-3
635,despairing,-3
636,despairs,-3
637,desperate,-3
638,desperately,-3
639,despondent,-3
640,destroy,-3
641,destroyed,-3
642,destroying,-3
643,destroys,-3
644,destruction,-3
645,destructive,-3
646,detached,-1
647,detain,-2
648,detained,-2
649,detention,-2
650,determined,2
651,devastate,-2
652,devastated,-2
653,devastating,-2
654,devoted,3
655,diamond,1
656,dick,-4
657,dickhead,-4
658,die,-3
659,died,-3
660,difficult,-1
661,diffident,-2
662,dilemma,-1
663,dipshit,-3
664,dire,-3
665,direful,-3
666,dirt,-2
667,dirtier,-2
668,dirtiest,-2
669,dirty,-2
670,disabling,-1
671,disadvantage,-2
672,disadvantaged,-2
673,disappear,-1
674,disappeared,-1
675,disappears,-1
676,disappoint,-2
677,disappointed,-2
678,disappointing,-2
679,disappointment,-2
680,disappointments,-2
681,disappoints,-2
682,disaster,-2
683,disasters,-2
684,disastrous,-3
685,disbelieve,-2
686,discard,-1
687,discarded,-1
688,discarding,-1
689,discards,-1
690,disconsolate,-2
691,disconsolation,-2
692,discontented,-2
693,discord,-2
694,discounted,-1
695,discouraged,-2
696,discredited,-2
697,disdain,-2
698,disgrace,-2
699,disgraced,-2
700,disguise,-1
701,disguised,-1
702,disguises,-1
703,disguising,-1
704,disgust,-3
705,disgusted,-3
706,disgusting,-3
707,disheartened,-2
708,dishonest,-2
709,disillusioned,-2
710,disinclined,-2
711,disjointed,-2
712,dislike,-2
713,dismal,-2
714,dismayed,-2
715,disorder,-2
716,disorganized,-2
717,disoriented,-2
718,disparage,-2
719,disparaged,-2
720,disparages,-2
721,disparaging,-2
722,displeased,-2
723,dispute,-2
724,disputed,-2
725,disputes,-2
726,disputing,-2
727,disqualified,-2
728,disquiet,-2
729,disregard,-2
730,disregarded,-2
731,disregarding,-2
732,disregards,-2
733,disrespect,-2
734,disrespected,-2
735,disruption,-2
736,disruptions,-2
737,disruptive,-2
738,dissatisfied,-2
739,distort,-2
740,distorted,-2
741,distorting,-2
742,distorts,-2
743,distract,-2
744,distracted,-2
745,distraction,-2
746,distracts,-2
747,distress,-2
748,distressed,-2
749,distresses,-2
750,distressing,-2
751,distrust,-3
752,distrustful,-3
753,disturb,-2
754,disturbed,-2
755,disturbing,-2
756,disturbs,-2
757,dithering,-2
758,dizzy,-1
759,dodging,-2
760,dodgy,-2
761,does not work,-3
762,dolorous,-2
763,dont like,-2
764,doom,-2
765,doomed,-2
766,doubt,-1
767,doubted,-1
768,doubtful,-1
769,doubting,-1
770,doubts,-1
771,douche,-3
772,douchebag,-3
773,downcast,-2
774,downhearted,-2
775,downside,-2
776,drag,-1
777,dragged,-1
778,drags,-1
779,drained,-2
780,dread,-2
781,dreaded,-2
782,dreadful,-3
783,dreading,-2
784,dream,1
785,dreams,1
786,dreary,-2
787,droopy,-2
788,drop,-1
789,drown,-2
790,drowned,-2
791,drowns,-2
792,drunk,-2
793,dubious,-2
794,dud,-2
795,dull,-2
796,dumb,-3
797,dumbass,-3
798,dump,-1
799,dumped,-2
800,dumps,-1
801,dupe,-2
802,duped,-2
803,dysfunction,-2
804,eager,2
805,earnest,2
806,ease,2
807,easy,1
808,ecstatic,4
809,eerie,-2
810,eery,-2
811,effective,2
812,effectively,2
813,elated,3
814,elation,3
815,elegant,2
816,elegantly,2
817,embarrass,-2
818,embarrassed,-2
819,embarrasses,-2
820,embarrassing,-2
821,embarrassment,-2
822,embittered,-2
823,embrace,1
824,emergency,-2
825,empathetic,2
826,emptiness,-1
827,empty,-1
828,enchanted,2
829,encourage,2
830,encouraged,2
831,encouragement,2
832,encourages,2
833,endorse,2
834,endorsed,2
835,endorsement,2
836,endorses,2
837,enemies,-2
838,enemy,-2
839,energetic,2
840,engage,1
841,engages,1
842,engrossed,1
843,enjoy,2
844,enjoying,2
845,enjoys,2
846,enlighten,2
847,enlightened,2
848,enlightening,2
849,enlightens,2
850,ennui,-2
851,enrage,-2
852,enraged,-2
853,enrages,-2
854,enraging,-2
855,enrapture,3
856,enslave,-2
857,enslaved,-2
858,enslaves,-2
859,ensure,1
860,ensuring,1
861,enterprising,1
862,entertaining,2
863,enthral,3
864,enthusiastic,3
865,entitled,1
866,entrusted,2
867,envies,-1
868,envious,-2
869,envy,-1
870,envying,-1
871,erroneous,-2
872,error,-2
873,errors,-2
874,escape,-1
875,escapes,-1
876,escaping,-1
877,esteemed,2
878,ethical,2
879,euphoria,3
880,euphoric,4
881,eviction,-1
882,evil,-3
883,exaggerate,-2
884,exaggerated,-2
885,exaggerates,-2
886,exaggerating,-2
887,exasperated,2
888,excellence,3
889,excellent,3
890,excite,3
891,excited,3
892,excitement,3
893,exciting,3
894,exclude,-1
895,excluded,-2
896,exclusion,-1
897,exclusive,2
898,excuse,-1
899,exempt,-1
900,exhausted,-2
901,exhilarated,3
902,exhilarates,3
903,exhilarating,3
904,exonerate,2
905,exonerated,2
906,exonerates,2
907,exonerating,2
908,expand,1
909,expands,1
910,expel,-2
911,expelled,-2
912,expelling,-2
913,expels,-2
914,exploit,-2
915,exploited,-2
916,exploiting,-2
917,exploits,-2
918,exploration,1
919,explorations,1
920,expose,-1
921,exposed,-1
922,exposes,-1
923,exposing,-1
924,extend,1
925,extends,1
926,exuberant,4
927,exultant,3
928,exultantly,3
929,fabulous,4
930,fad,-2
931,fag,-3
932,faggot,-3
933,faggots,-3
934,fail,-2
935,failed,-2
936,failing,-2
937,fails,-2
938,failure,-2
939,failures,-2
940,fainthearted,-2
941,fair,2
942,faith,1
943,faithful,3
944,fake,-3
945,fakes,-3
946,faking,-3
947,fallen,-2
948,falling,-1
949,falsified,-3
950,falsify,-3
951,fame,1
952,fan,3
953,fantastic,4
954,farce,-1
955,fascinate,3
956,fascinated,3
957,fascinates,3
958,fascinating,3
959,fascist,-2
960,fascists,-2
961,fatalities,-3
962,fatality,-3
963,fatigue,-2
964,fatigued,-2
965,fatigues,-2
966,fatiguing,-2
967,favor,2
968,favored,2
969,favorite,2
970,favorited,2
971,favorites,2
972,favors,2
973,fear,-2
974,fearful,-2
975,fearing,-2
976,fearless,2
977,fearsome,-2
978,fed up,-3
979,feeble,-2
980,feeling,1
981,felonies,-3
982,felony,-3
983,fervent,2
984,fervid,2
985,festive,2
986,fiasco,-3
987,fidgety,-2
988,fight,-1
989,fine,2
990,fire,-2
991,fired,-2
992,firing,-2
993,fit,1
994,fitness,1
995,flagship,2
996,flees,-1
997,flop,-2
998,flops,-2
999,flu,-2
1000,flustered,-2
1001,focused,2
1002,fond,2
1003,fondness,2
1004,fool,-2
1005,foolish,-2
1006,fools,-2
1007,forced,-1
1008,foreclosure,-2
1009,foreclosures,-2
1010,forget,-1
1011,forgetful,-2
1012,forgive,1
1013,forgiving,1
1014,forgotten,-1
1015,fortunate,2
1016,frantic,-1
1017,fraud,-4
1018,frauds,-4
1019,fraudster,-4
1020,fraudsters,-4
1021,fraudulence,-4
1022,fraudulent,-4
1023,free,1
1024,freedom,2
1025,frenzy,-3
1026,fresh,1
1027,friendly,2
1028,fright,-2
1029,frightened,-2
1030,frightening,-3
1031,frikin,-2
1032,frisky,2
1033,frowning,-1
1034,frustrate,-2
1035,frustrated,-2
1036,frustrates,-2
1037,frustrating,-2
1038,frustration,-2
1039,ftw,3
1040,fuck,-4
1041,fucked,-4
1042,fucker,-4
1043,fuckers,-4
1044,fuckface,-4
1045,fuckhead,-4
1046,fucking,-4
1047,fucktard,-4
1048,fud,-3
1049,fuked,-4
1050,fuking,-4
1051,fulfill,2
1052,fulfilled,2
1053,fulfills,2
1054,fuming,-2
1055,fun,4
1056,funeral,-1
1057,funerals,-1
1058,funky,2
1059,funnier,4
1060,funny,4
1061,furious,-3
1062,futile,2
1063,gag,-2
1064,gagged,-2
1065,gain,2
1066,gained,2
1067,gaining,2
1068,gains,2
1069,gallant,3
1070,gallantly,3
1071,gallantry,3
1072,generous,2
1073,genial,3
1074,ghost,-1
1075,giddy,-2
1076,gift,2
1077,glad,3
1078,glamorous,3
1079,glamourous,3
1080,glee,3
1081,gleeful,3
1082,gloom,-1
1083,gloomy,-2
1084,glorious,2
1085,glory,2
1086,glum,-2
1087,god,1
1088,goddamn,-3
1089,godsend,4
1090,good,3
1091,goodness,3
1092,grace,1
1093,gracious,3
1094,grand,3
1095,grant,1
1096,granted,1
1097,granting,1
1098,grants,1
1099,grateful,3
1100,gratification,2
1101,grave,-2
1102,gray,-1
1103,great,3
1104,greater,3
1105,greatest,3
1106,greed,-3
1107,greedy,-2
1108,green wash,-3
1109,green washing,-3
1110,greenwash,-3
1111,greenwasher,-3
1112,greenwashers,-3
1113,greenwashing,-3
1114,greet,1
1115,greeted,1
1116,greeting,1
1117,greetings,2
1118,greets,1
1119,grey,-1
1120,grief,-2
1121,grieved,-2
1122,gross,-2
1123,growing,1
1124,growth,2
1125,guarantee,1
1126,guilt,-3
1127,guilty,-3
1128,gullibility,-2
1129,gullible,-2
1130,gun,-1
1131,ha,2
1132,hacked,-1
1133,haha,3
1134,hahaha,3
1135,hahahah,3
1136,hail,2
1137,hailed,2
1138,hapless,-2
1139,haplessness,-2
1140,happiness,3
1141,happy,3
1142,hard,-1
1143,hardier,2
1144,hardship,-2
1145,hardy,2
1146,harm,-2
1147,harmed,-2
1148,harmful,-2
1149,harming,-2
1150,harms,-2
1151,harried,-2
1152,harsh,-2
1153,harsher,-2
1154,harshest,-2
1155,hate,-3
1156,hated,-3
1157,haters,-3
1158,hates,-3
1159,hating,-3
1160,haunt,-1
1161,haunted,-2
1162,haunting,1
1163,haunts,-1
1164,havoc,-2
1165,healthy,2
1166,heartbreaking,-3
1167,heartbroken,-3
1168,heartfelt,3
1169,heaven,2
1170,heavenly,4
1171,heavyhearted,-2
1172,hell,-4
1173,help,2
1174,helpful,2
1175,helping,2
1176,helpless,-2
1177,helps,2
1178,hero,2
1179,heroes,2
1180,heroic,3
1181,hesitant,-2
1182,hesitate,-2
1183,hid,-1
1184,hide,-1
1185,hides,-1
1186,hiding,-1
1187,highlight,2
1188,hilarious,2
1189,hindrance,-2
1190,hoax,-2
1191,homesick,-2
1192,honest,2
1193,honor,2
1194,honored,2
1195,honoring,2
1196,honour,2
1197,honoured,2
1198,honouring,2
1199,hooligan,-2
1200,hooliganism,-2
1201,hooligans,-2
1202,hope,2
1203,hopeful,2
1204,hopefully,2
1205,hopeless,-2
1206,hopelessness,-2
1207,hopes,2
1208,hoping,2
1209,horrendous,-3
1210,horrible,-3
1211,horrific,-3
1212,horrified,-3
1213,hostile,-2
1214,huckster,-2
1215,hug,2
1216,huge,1
1217,hugs,2
1218,humerous,3
1219,humiliated,-3
1220,humiliation,-3
1221,humor,2
1222,humorous,2
1223,humour,2
1224,humourous,2
1225,hunger,-2
1226,hurrah,5
1227,hurt,-2
1228,hurting,-2
1229,hurts,-2
1230,hypocritical,-2
1231,hysteria,-3
1232,hysterical,-3
1233,hysterics,-3
1234,idiot,-3
1235,idiotic,-3
1236,ignorance,-2
1237,ignorant,-2
1238,ignore,-1
1239,ignored,-2
1240,ignores,-1
1241,ill,-2
1242,illegal,-3
1243,illiteracy,-2
1244,illness,-2
1245,illnesses,-2
1246,imbecile,-3
1247,immobilized,-1
1248,immortal,2
1249,immune,1
1250,impatient,-2
1251,imperfect,-2
1252,importance,2
1253,important,2
1254,impose,-1
1255,imposed,-1
1256,imposes,-1
1257,imposing,-1
1258,impotent,-2
1259,impress,3
1260,impressed,3
1261,impresses,3
1262,impressive,3
1263,imprisoned,-2
1264,improve,2
1265,improved,2
1266,improvement,2
1267,improves,2
1268,improving,2
1269,inability,-2
1270,inaction,-2
1271,inadequate,-2
1272,incapable,-2
1273,incapacitated,-2
1274,incensed,-2
1275,incompetence,-2
1276,incompetent,-2
1277,inconsiderate,-2
1278,inconvenience,-2
1279,inconvenient,-2
1280,increase,1
1281,increased,1
1282,indecisive,-2
1283,indestructible,2
1284,indifference,-2
1285,indifferent,-2
1286,indignant,-2
1287,indignation,-2
1288,indoctrinate,-2
1289,indoctrinated,-2
1290,indoctrinates,-2
1291,indoctrinating,-2
1292,ineffective,-2
1293,ineffectively,-2
1294,infatuated,2
1295,infatuation,2
1296,infected,-2
1297,inferior,-2
1298,inflamed,-2
1299,influential,2
1300,infringement,-2
1301,infuriate,-2
1302,infuriated,-2
1303,infuriates,-2
1304,infuriating,-2
1305,inhibit,-1
1306,injured,-2
1307,injury,-2
1308,injustice,-2
1309,innovate,1
1310,innovates,1
1311,innovation,1
1312,innovative,2
1313,inquisition,-2
1314,inquisitive,2
1315,insane,-2
1316,insanity,-2
1317,insecure,-2
1318,insensitive,-2
1319,insensitivity,-2
1320,insignificant,-2
1321,insipid,-2
1322,inspiration,2
1323,inspirational,2
1324,inspire,2
1325,inspired,2
1326,inspires,2
1327,inspiring,3
1328,insult,-2
1329,insulted,-2
1330,insulting,-2
1331,insults,-2
1332,intact,2
1333,integrity,2
1334,intelligent,2
1335,intense,1
1336,interest,1
1337,interested,2
1338,interesting,2
1339,interests,1
1340,interrogated,-2
1341,interrupt,-2
1342,interrupted,-2
1343,interrupting,-2
1344,interruption,-2
1345,interrupts,-2
1346,intimidate,-2
1347,intimidated,-2
1348,intimidates,-2
1349,intimidating,-2
1350,intimidation,-2
1351,intricate,2
1352,intrigues,1
1353,invincible,2
1354,invite,1
1355,inviting,1
1356,invulnerable,2
1357,irate,-3
1358,ironic,-1
1359,irony,-1
1360,irrational,-1
1361,irresistible,2
1362,irresolute,-2
1363,irresponsible,2
1364,irreversible,-1
1365,irritate,-3
1366,irritated,-3
1367,irritating,-3
1368,isolated,-1
1369,itchy,-2
1370,jackass,-4
1371,jackasses,-4
1372,jailed,-2
1373,jaunty,2
1374,jealous,-2
1375,jeopardy,-2
1376,jerk,-3
1377,jesus,1
1378,jewel,1
1379,jewels,1
1380,jocular,2
1381,join,1
1382,joke,2
1383,jokes,2
1384,jolly,2
1385,jovial,2
1386,joy,3
1387,joyful,3
1388,joyfully,3
1389,joyless,-2
1390,joyous,3
1391,jubilant,3
1392,jumpy,-1
1393,justice,2
1394,justifiably,2
1395,justified,2
1396,keen,1
1397,kill,-3
1398,killed,-3
1399,killing,-3
1400,kills,-3
1401,kind,2
1402,kinder,2
1403,kiss,2
1404,kudos,3
1405,lack,-2
1406,lackadaisical,-2
1407,lag,-1
1408,lagged,-2
1409,lagging,-2
1410,lags,-2
1411,lame,-2
1412,landmark,2
1413,laugh,1
1414,laughed,1
1415,laughing,1
1416,laughs,1
1417,laughting,1
1418,launched,1
1419,lawl,3
1420,lawsuit,-2
1421,lawsuits,-2
1422,lazy,-1
1423,leak,-1
1424,leaked,-1
1425,leave,-1
1426,legal,1
1427,legally,1
1428,lenient,1
1429,lethargic,-2
1430,lethargy,-2
1431,liar,-3
1432,liars,-3
1433,libelous,-2
1434,lied,-2
1435,lifesaver,4
1436,lighthearted,1
1437,like,2
1438,liked,2
1439,likes,2
1440,limitation,-1
1441,limited,-1
1442,limits,-1
1443,litigation,-1
1444,litigious,-2
1445,lively,2
1446,livid,-2
1447,lmao,4
1448,lmfao,4
1449,loathe,-3
1450,loathed,-3
1451,loathes,-3
1452,loathing,-3
1453,lobby,-2
1454,lobbying,-2
1455,lol,3
1456,lonely,-2
1457,lonesome,-2
1458,longing,-1
1459,loom,-1
1460,loomed,-1
1461,looming,-1
1462,looms,-1
1463,loose,-3
1464,looses,-3
1465,loser,-3
1466,losing,-3
1467,loss,-3
1468,lost,-3
1469,lovable,3
1470,love,3
1471,loved,3
1472,lovelies,3
1473,lovely,3
1474,loving,2
1475,lowest,-1
1476,loyal,3
1477,loyalty,3
1478,luck,3
1479,luckily,3
1480,lucky,3
1481,lugubrious,-2
1482,lunatic,-3
1483,lunatics,-3
1484,lurk,-1
1485,lurking,-1
1486,lurks,-1
1487,mad,-3
1488,maddening,-3
1489,made-up,-1
1490,madly,-3
1491,madness,-3
1492,mandatory,-1
1493,manipulated,-1
1494,manipulating,-1
1495,manipulation,-1
1496,marvel,3
1497,marvelous,3
1498,marvels,3
1499,masterpiece,4
1500,masterpieces,4
1501,matter,1
1502,matters,1
1503,mature,2
1504,meaningful,2
1505,meaningless,-2
1506,medal,3
1507,mediocrity,-3
1508,meditative,1
1509,melancholy,-2
1510,menace,-2
1511,menaced,-2
1512,mercy,2
1513,merry,3
1514,mess,-2
1515,messed,-2
1516,messing up,-2
1517,methodical,2
1518,mindless,-2
1519,miracle,4
1520,mirth,3
1521,mirthful,3
1522,mirthfully,3
1523,misbehave,-2
1524,misbehaved,-2
1525,misbehaves,-2
1526,misbehaving,-2
1527,mischief,-1
1528,mischiefs,-1
1529,miserable,-3
1530,misery,-2
1531,misgiving,-2
1532,misinformation,-2
1533,misinformed,-2
1534,misinterpreted,-2
1535,misleading,-3
1536,misread,-1
1537,misreporting,-2
1538,misrepresentation,-2
1539,miss,-2
1540,missed,-2
1541,missing,-2
1542,mistake,-2
1543,mistaken,-2
1544,mistakes,-2
1545,mistaking,-2
1546,misunderstand,-2
1547,misunderstanding,-2
1548,misunderstands,-2
1549,misunderstood,-2
1550,moan,-2
1551,moaned,-2
1552,moaning,-2
1553,moans,-2
1554,mock,-2
1555,mocked,-2
1556,mocking,-2
1557,mocks,-2
1558,mongering,-2
1559,monopolize,-2
1560,monopolized,-2
1561,monopolizes,-2
1562,monopolizing,-2
1563,moody,-1
1564,mope,-1
1565,moping,-1
1566,moron,-3
1567,motherfucker,-5
1568,motherfucking,-5
1569,motivate,1
1570,motivated,2
1571,motivating,2
1572,motivation,1
1573,mourn,-2
1574,mourned,-2
1575,mournful,-2
1576,mourning,-2
1577,mourns,-2
1578,mumpish,-2
1579,murder,-2
1580,murderer,-2
1581,murdering,-3
1582,murderous,-3
1583,murders,-2
1584,myth,-1
1585,n00b,-2
1586,naive,-2
1587,nasty,-3
1588,natural,1
1589,na√Øve,-2
1590,needy,-2
1591,negative,-2
1592,negativity,-2
1593,neglect,-2
1594,neglected,-2
1595,neglecting,-2
1596,neglects,-2
1597,nerves,-1
1598,nervous,-2
1599,nervously,-2
1600,nice,3
1601,nifty,2
1602,niggas,-5
1603,nigger,-5
1604,no,-1
1605,no fun,-3
1606,noble,2
1607,noisy,-1
1608,nonsense,-2
1609,noob,-2
1610,nosey,-2
1611,not good,-2
1612,not working,-3
1613,notorious,-2
1614,novel,2
1615,numb,-1
1616,nuts,-3
1617,obliterate,-2
1618,obliterated,-2
1619,obnoxious,-3
1620,obscene,-2
1621,obsessed,2
1622,obsolete,-2
1623,obstacle,-2
1624,obstacles,-2
1625,obstinate,-2
1626,odd,-2
1627,offend,-2
1628,offended,-2
1629,offender,-2
1630,offending,-2
1631,offends,-2
1632,offline,-1
1633,oks,2
1634,ominous,3
1635,once-in-a-lifetime,3
1636,opportunities,2
1637,opportunity,2
1638,oppressed,-2
1639,oppressive,-2
1640,optimism,2
1641,optimistic,2
1642,optionless,-2
1643,outcry,-2
1644,outmaneuvered,-2
1645,outrage,-3
1646,outraged,-3
1647,outreach,2
1648,outstanding,5
1649,overjoyed,4
1650,overload,-1
1651,overlooked,-1
1652,overreact,-2
1653,overreacted,-2
1654,overreaction,-2
1655,overreacts,-2
1656,oversell,-2
1657,overselling,-2
1658,oversells,-2
1659,oversimplification,-2
1660,oversimplified,-2
1661,oversimplifies,-2
1662,oversimplify,-2
1663,overstatement,-2
1664,overstatements,-2
1665,overweight,-1
1666,oxymoron,-1
1667,pain,-2
1668,pained,-2
1669,panic,-3
1670,panicked,-3
1671,panics,-3
1672,paradise,3
1673,paradox,-1
1674,pardon,2
1675,pardoned,2
1676,pardoning,2
1677,pardons,2
1678,parley,-1
1679,passionate,2
1680,passive,-1
1681,passively,-1
1682,pathetic,-2
1683,pay,-1
1684,peace,2
1685,peaceful,2
1686,peacefully,2
1687,penalty,-2
1688,pensive,-1
1689,perfect,3
1690,perfected,2
1691,perfectly,3
1692,perfects,2
1693,peril,-2
1694,perjury,-3
1695,perpetrator,-2
1696,perpetrators,-2
1697,perplexed,-2
1698,persecute,-2
1699,persecuted,-2
1700,persecutes,-2
1701,persecuting,-2
1702,perturbed,-2
1703,pesky,-2
1704,pessimism,-2
1705,pessimistic,-2
1706,petrified,-2
1707,phobic,-2
1708,picturesque,2
1709,pileup,-1
1710,pique,-2
1711,piqued,-2
1712,piss,-4
1713,pissed,-4
1714,pissing,-3
1715,piteous,-2
1716,pitied,-1
1717,pity,-2
1718,playful,2
1719,pleasant,3
1720,please,1
1721,pleased,3
1722,pleasure,3
1723,poised,-2
1724,poison,-2
1725,poisoned,-2
1726,poisons,-2
1727,pollute,-2
1728,polluted,-2
1729,polluter,-2
1730,polluters,-2
1731,pollutes,-2
1732,poor,-2
1733,poorer,-2
1734,poorest,-2
1735,popular,3
1736,positive,2
1737,positively,2
1738,possessive,-2
1739,postpone,-1
1740,postponed,-1
1741,postpones,-1
1742,postponing,-1
1743,poverty,-1
1744,powerful,2
1745,powerless,-2
1746,praise,3
1747,praised,3
1748,praises,3
1749,praising,3
1750,pray,1
1751,praying,1
1752,prays,1
1753,prblm,-2
1754,prblms,-2
1755,prepared,1
1756,pressure,-1
1757,pressured,-2
1758,pretend,-1
1759,pretending,-1
1760,pretends,-1
1761,pretty,1
1762,prevent,-1
1763,prevented,-1
1764,preventing,-1
1765,prevents,-1
1766,prick,-5
1767,prison,-2
1768,prisoner,-2
1769,prisoners,-2
1770,privileged,2
1771,proactive,2
1772,problem,-2
1773,problems,-2
1774,profiteer,-2
1775,progress,2
1776,prominent,2
1777,promise,1
1778,promised,1
1779,promises,1
1780,promote,1
1781,promoted,1
1782,promotes,1
1783,promoting,1
1784,propaganda,-2
1785,prosecute,-1
1786,prosecuted,-2
1787,prosecutes,-1
1788,prosecution,-1
1789,prospect,1
1790,prospects,1
1791,prosperous,3
1792,protect,1
1793,protected,1
1794,protects,1
1795,protest,-2
1796,protesters,-2
1797,protesting,-2
1798,protests,-2
1799,proud,2
1800,proudly,2
1801,provoke,-1
1802,provoked,-1
1803,provokes,-1
1804,provoking,-1
1805,pseudoscience,-3
1806,punish,-2
1807,punished,-2
1808,punishes,-2
1809,punitive,-2
1810,pushy,-1
1811,puzzled,-2
1812,quaking,-2
1813,questionable,-2
1814,questioned,-1
1815,questioning,-1
1816,racism,-3
1817,racist,-3
1818,racists,-3
1819,rage,-2
1820,rageful,-2
1821,rainy,-1
1822,rant,-3
1823,ranter,-3
1824,ranters,-3
1825,rants,-3
1826,rape,-4
1827,rapist,-4
1828,rapture,2
1829,raptured,2
1830,raptures,2
1831,rapturous,4
1832,rash,-2
1833,ratified,2
1834,reach,1
1835,reached,1
1836,reaches,1
1837,reaching,1
1838,reassure,1
1839,reassured,1
1840,reassures,1
1841,reassuring,2
1842,rebellion,-2
1843,recession,-2
1844,reckless,-2
1845,recommend,2
1846,recommended,2
1847,recommends,2
1848,redeemed,2
1849,refuse,-2
1850,refused,-2
1851,refusing,-2
1852,regret,-2
1853,regretful,-2
1854,regrets,-2
1855,regretted,-2
1856,regretting,-2
1857,reject,-1
1858,rejected,-1
1859,rejecting,-1
1860,rejects,-1
1861,rejoice,4
1862,rejoiced,4
1863,rejoices,4
1864,rejoicing,4
1865,relaxed,2
1866,relentless,-1
1867,reliant,2
1868,relieve,1
1869,relieved,2
1870,relieves,1
1871,relieving,2
1872,relishing,2
1873,remarkable,2
1874,remorse,-2
1875,repulse,-1
1876,repulsed,-2
1877,rescue,2
1878,rescued,2
1879,rescues,2
1880,resentful,-2
1881,resign,-1
1882,resigned,-1
1883,resigning,-1
1884,resigns,-1
1885,resolute,2
1886,resolve,2
1887,resolved,2
1888,resolves,2
1889,resolving,2
1890,respected,2
1891,responsible,2
1892,responsive,2
1893,restful,2
1894,restless,-2
1895,restore,1
1896,restored,1
1897,restores,1
1898,restoring,1
1899,restrict,-2
1900,restricted,-2
1901,restricting,-2
1902,restriction,-2
1903,restricts,-2
1904,retained,-1
1905,retard,-2
1906,retarded,-2
1907,retreat,-1
1908,revenge,-2
1909,revengeful,-2
1910,revered,2
1911,revive,2
1912,revives,2
1913,reward,2
1914,rewarded,2
1915,rewarding,2
1916,rewards,2
1917,rich,2
1918,ridiculous,-3
1919,rig,-1
1920,rigged,-1
1921,right direction,3
1922,rigorous,3
1923,rigorously,3
1924,riot,-2
1925,riots,-2
1926,risk,-2
1927,risks,-2
1928,rob,-2
1929,robber,-2
1930,robed,-2
1931,robing,-2
1932,robs,-2
1933,robust,2
1934,rofl,4
1935,roflcopter,4
1936,roflmao,4
1937,romance,2
1938,rotfl,4
1939,rotflmfao,4
1940,rotflol,4
1941,ruin,-2
1942,ruined,-2
1943,ruining,-2
1944,ruins,-2
1945,sabotage,-2
1946,sad,-2
1947,sadden,-2
1948,saddened,-2
1949,sadly,-2
1950,safe,1
1951,safely,1
1952,safety,1
1953,salient,1
1954,sappy,-1
1955,sarcastic,-2
1956,satisfied,2
1957,save,2
1958,saved,2
1959,scam,-2
1960,scams,-2
1961,scandal,-3
1962,scandalous,-3
1963,scandals,-3
1964,scapegoat,-2
1965,scapegoats,-2
1966,scare,-2
1967,scared,-2
1968,scary,-2
1969,sceptical,-2
1970,scold,-2
1971,scoop,3
1972,scorn,-2
1973,scornful,-2
1974,scream,-2
1975,screamed,-2
1976,screaming,-2
1977,screams,-2
1978,screwed,-2
1979,screwed up,-3
1980,scumbag,-4
1981,secure,2
1982,secured,2
1983,secures,2
1984,sedition,-2
1985,seditious,-2
1986,seduced,-1
1987,self-confident,2
1988,self-deluded,-2
1989,selfish,-3
1990,selfishness,-3
1991,sentence,-2
1992,sentenced,-2
1993,sentences,-2
1994,sentencing,-2
1995,serene,2
1996,severe,-2
1997,sexy,3
1998,shaky,-2
1999,shame,-2
2000,shamed,-2
2001,shameful,-2
2002,share,1
2003,shared,1
2004,shares,1
2005,shattered,-2
2006,shit,-4
2007,shithead,-4
2008,shitty,-3
2009,shock,-2
2010,shocked,-2
2011,shocking,-2
2012,shocks,-2
2013,shoot,-1
2014,short-sighted,-2
2015,short-sightedness,-2
2016,shortage,-2
2017,shortages,-2
2018,shrew,-4
2019,shy,-1
2020,sick,-2
2021,sigh,-2
2022,significance,1
2023,significant,1
2024,silencing,-1
2025,silly,-1
2026,sincere,2
2027,sincerely,2
2028,sincerest,2
2029,sincerity,2
2030,sinful,-3
2031,singleminded,-2
2032,skeptic,-2
2033,skeptical,-2
2034,skepticism,-2
2035,skeptics,-2
2036,slam,-2
2037,slash,-2
2038,slashed,-2
2039,slashes,-2
2040,slashing,-2
2041,slavery,-3
2042,sleeplessness,-2
2043,slick,2
2044,slicker,2
2045,slickest,2
2046,sluggish,-2
2047,slut,-5
2048,smart,1
2049,smarter,2
2050,smartest,2
2051,smear,-2
2052,smile,2
2053,smiled,2
2054,smiles,2
2055,smiling,2
2056,smog,-2
2057,sneaky,-1
2058,snub,-2
2059,snubbed,-2
2060,snubbing,-2
2061,snubs,-2
2062,sobering,1
2063,solemn,-1
2064,solid,2
2065,solidarity,2
2066,solution,1
2067,solutions,1
2068,solve,1
2069,solved,1
2070,solves,1
2071,solving,1
2072,somber,-2
2073,some kind,0
2074,son-of-a-bitch,-5
2075,soothe,3
2076,soothed,3
2077,soothing,3
2078,sophisticated,2
2079,sore,-1
2080,sorrow,-2
2081,sorrowful,-2
2082,sorry,-1
2083,spam,-2
2084,spammer,-3
2085,spammers,-3
2086,spamming,-2
2087,spark,1
2088,sparkle,3
2089,sparkles,3
2090,sparkling,3
2091,speculative,-2
2092,spirit,1
2093,spirited,2
2094,spiritless,-2
2095,spiteful,-2
2096,splendid,3
2097,sprightly,2
2098,squelched,-1
2099,stab,-2
2100,stabbed,-2
2101,stable,2
2102,stabs,-2
2103,stall,-2
2104,stalled,-2
2105,stalling,-2
2106,stamina,2
2107,stampede,-2
2108,startled,-2
2109,starve,-2
2110,starved,-2
2111,starves,-2
2112,starving,-2
2113,steadfast,2
2114,steal,-2
2115,steals,-2
2116,stereotype,-2
2117,stereotyped,-2
2118,stifled,-1
2119,stimulate,1
2120,stimulated,1
2121,stimulates,1
2122,stimulating,2
2123,stingy,-2
2124,stolen,-2
2125,stop,-1
2126,stopped,-1
2127,stopping,-1
2128,stops,-1
2129,stout,2
2130,straight,1
2131,strange,-1
2132,strangely,-1
2133,strangled,-2
2134,strength,2
2135,strengthen,2
2136,strengthened,2
2137,strengthening,2
2138,strengthens,2
2139,stressed,-2
2140,stressor,-2
2141,stressors,-2
2142,stricken,-2
2143,strike,-1
2144,strikers,-2
2145,strikes,-1
2146,strong,2
2147,stronger,2
2148,strongest,2
2149,struck,-1
2150,struggle,-2
2151,struggled,-2
2152,struggles,-2
2153,struggling,-2
2154,stubborn,-2
2155,stuck,-2
2156,stunned,-2
2157,stunning,4
2158,stupid,-2
2159,stupidly,-2
2160,suave,2
2161,substantial,1
2162,substantially,1
2163,subversive,-2
2164,success,2
2165,successful,3
2166,suck,-3
2167,sucks,-3
2168,suffer,-2
2169,suffering,-2
2170,suffers,-2
2171,suicidal,-2
2172,suicide,-2
2173,suing,-2
2174,sulking,-2
2175,sulky,-2
2176,sullen,-2
2177,sunshine,2
2178,super,3
2179,superb,5
2180,superior,2
2181,support,2
2182,supported,2
2183,supporter,1
2184,supporters,1
2185,supporting,1
2186,supportive,2
2187,supports,2
2188,survived,2
2189,surviving,2
2190,survivor,2
2191,suspect,-1
2192,suspected,-1
2193,suspecting,-1
2194,suspects,-1
2195,suspend,-1
2196,suspended,-1
2197,suspicious,-2
2198,swear,-2
2199,swearing,-2
2200,swears,-2
2201,sweet,2
2202,swift,2
2203,swiftly,2
2204,swindle,-3
2205,swindles,-3
2206,swindling,-3
2207,sympathetic,2
2208,sympathy,2
2209,tard,-2
2210,tears,-2
2211,tender,2
2212,tense,-2
2213,tension,-1
2214,terrible,-3
2215,terribly,-3
2216,terrific,4
2217,terrified,-3
2218,terror,-3
2219,terrorize,-3
2220,terrorized,-3
2221,terrorizes,-3
2222,thank,2
2223,thankful,2
2224,thanks,2
2225,thorny,-2
2226,thoughtful,2
2227,thoughtless,-2
2228,threat,-2
2229,threaten,-2
2230,threatened,-2
2231,threatening,-2
2232,threatens,-2
2233,threats,-2
2234,thrilled,5
2235,thwart,-2
2236,thwarted,-2
2237,thwarting,-2
2238,thwarts,-2
2239,timid,-2
2240,timorous,-2
2241,tired,-2
2242,tits,-2
2243,tolerant,2
2244,toothless,-2
2245,top,2
2246,tops,2
2247,torn,-2
2248,torture,-4
2249,tortured,-4
2250,tortures,-4
2251,torturing,-4
2252,totalitarian,-2
2253,totalitarianism,-2
2254,tout,-2
2255,touted,-2
2256,touting,-2
2257,touts,-2
2258,tragedy,-2
2259,tragic,-2
2260,tranquil,2
2261,trap,-1
2262,trapped,-2
2263,trauma,-3
2264,traumatic,-3
2265,travesty,-2
2266,treason,-3
2267,treasonous,-3
2268,treasure,2
2269,treasures,2
2270,trembling,-2
2271,tremulous,-2
2272,tricked,-2
2273,trickery,-2
2274,triumph,4
2275,triumphant,4
2276,trouble,-2
2277,troubled,-2
2278,troubles,-2
2279,true,2
2280,trust,1
2281,trusted,2
2282,tumor,-2
2283,twat,-5
2284,ugly,-3
2285,unacceptable,-2
2286,unappreciated,-2
2287,unapproved,-2
2288,unaware,-2
2289,unbelievable,-1
2290,unbelieving,-1
2291,unbiased,2
2292,uncertain,-1
2293,unclear,-1
2294,uncomfortable,-2
2295,unconcerned,-2
2296,unconfirmed,-1
2297,unconvinced,-1
2298,uncredited,-1
2299,undecided,-1
2300,underestimate,-1
2301,underestimated,-1
2302,underestimates,-1
2303,underestimating,-1
2304,undermine,-2
2305,undermined,-2
2306,undermines,-2
2307,undermining,-2
2308,undeserving,-2
2309,undesirable,-2
2310,uneasy,-2
2311,unemployment,-2
2312,unequal,-1
2313,unequaled,2
2314,unethical,-2
2315,unfair,-2
2316,unfocused,-2
2317,unfulfilled,-2
2318,unhappy,-2
2319,unhealthy,-2
2320,unified,1
2321,unimpressed,-2
2322,unintelligent,-2
2323,united,1
2324,unjust,-2
2325,unlovable,-2
2326,unloved,-2
2327,unmatched,1
2328,unmotivated,-2
2329,unprofessional,-2
2330,unresearched,-2
2331,unsatisfied,-2
2332,unsecured,-2
2333,unsettled,-1
2334,unsophisticated,-2
2335,unstable,-2
2336,unstoppable,2
2337,unsupported,-2
2338,unsure,-1
2339,untarnished,2
2340,unwanted,-2
2341,unworthy,-2
2342,upset,-2
2343,upsets,-2
2344,upsetting,-2
2345,uptight,-2
2346,urgent,-1
2347,useful,2
2348,usefulness,2
2349,useless,-2
2350,uselessness,-2
2351,vague,-2
2352,validate,1
2353,validated,1
2354,validates,1
2355,validating,1
2356,verdict,-1
2357,verdicts,-1
2358,vested,1
2359,vexation,-2
2360,vexing,-2
2361,vibrant,3
2362,vicious,-2
2363,victim,-3
2364,victimize,-3
2365,victimized,-3
2366,victimizes,-3
2367,victimizing,-3
2368,victims,-3
2369,vigilant,3
2370,vile,-3
2371,vindicate,2
2372,vindicated,2
2373,vindicates,2
2374,vindicating,2
2375,violate,-2
2376,violated,-2
2377,violates,-2
2378,violating,-2
2379,violence,-3
2380,violent,-3
2381,virtuous,2
2382,virulent,-2
2383,vision,1
2384,visionary,3
2385,visioning,1
2386,visions,1
2387,vitality,3
2388,vitamin,1
2389,vitriolic,-3
2390,vivacious,3
2391,vociferous,-1
2392,vulnerability,-2
2393,vulnerable,-2
2394,walkout,-2
2395,walkouts,-2
2396,wanker,-3
2397,want,1
2398,war,-2
2399,warfare,-2
2400,warm,1
2401,warmth,2
2402,warn,-2
2403,warned,-2
2404,warning,-3
2405,warnings,-3
2406,warns,-2
2407,waste,-1
2408,wasted,-2
2409,wasting,-2
2410,wavering,-1
2411,weak,-2
2412,weakness,-2
2413,wealth,3
2414,wealthy,2
2415,weary,-2
2416,weep,-2
2417,weeping,-2
2418,weird,-2
2419,welcome,2
2420,welcomed,2
2421,welcomes,2
2422,whimsical,1
2423,whitewash,-3
2424,whore,-4
2425,wicked,-2
2426,widowed,-1
2427,willingness,2
2428,win,4
2429,winner,4
2430,winning,4
2431,wins,4
2432,winwin,3
2433,wish,1
2434,wishes,1
2435,wishing,1
2436,withdrawal,-3
2437,woebegone,-2
2438,woeful,-3
2439,won,3
2440,wonderful,4
2441,woo,3
2442,woohoo,3
2443,wooo,4
2444,woow,4
2445,worn,-1
2446,worried,-3
2447,worry,-3
2448,worrying,-3
2449,worse,-3
2450,worsen,-3
2451,worsened,-3
2452,worsening,-3
2453,worsens,-3
2454,worshiped,3
2455,worst,-3
2456,worth,2
2457,worthless,-2
2458,worthy,2
2459,wow,4
2460,wowow,4
2461,wowww,4
2462,wrathful,-3
2463,wreck,-2
2464,wrong,-2
2465,wronged,-2
2466,wtf,-4
2467,yeah,1
2468,yearning,1
2469,yeees,2
2470,yes,1
2471,youthful,2
2472,yucky,-2
2473,yummy,3
2474,zealot,-2
2475,zealots,-2
2476,zealous,2
